query,response

h,"HAPE (High‑Altitude Pulmonary Edema) is a form of pulmonary edema that occurs when excess fluid accumulates in the lung tissues at high altitude. It can affect anyone, regardless of fitness, and its hallmark symptoms are sudden shortness of breath and difficulty breathing. If you suspect HAPE, descending to lower altitude and seeking medical treatment are critical."
what is headach,"A headache is a pain or discomfort that occurs in the head, scalp, or neck. It can arise from many causes such as tension, migraine, sinus infection, dehydration, or underlying medical conditions. The severity and pattern of a headache vary widely, from mild and throbbing to severe and debilitating."
hi,Hello! How can I help you today?
how are you,"I’m just a computer program, so I don’t have feelings, but I’m here and ready to help you. How can I assist you today?"
tell me about ear infection,"Acute otitis media—inflammation of the middle ear—often presents with ear pain, fever, and muffled hearing; it’s common in children and requires prompt antibiotic therapy and careful monitoring to prevent hearing loss.  
Fungal ear infections (otomycosis) can cause itching, discharge, and sometimes a visible spot on the pillow; if untreated they may lead to more serious complications.  
Both types benefit from early diagnosis and appropriate treatment to avoid further ear damage."
hi,Hello! How can I help you today?
i have stomach problem right now,"I’m sorry you’re feeling unwell. If you have diarrhea lasting more than two days, severe abdominal pain, bloating, or gas that’s not improving, it’s best to seek medical attention promptly. In the meantime, stay hydrated, avoid irritants (like spicy or greasy foods), and consider an over‑the‑counter antidiarrheal if recommended by a pharmacist or doctor."
hi,"Hello! How can I help you today? If you have any health-related questions—whether it's about symptoms, meds, lifestyle tips, or general info—just let me know!"
I can't breathe properly,"It sounds like you’re feeling short‑of‑breath right now. Small, everyday habits can help keep your lungs clear and your breathing smooth. Here are a few practical steps you can try:

1. **Practice guided breathing** – Sit or lie comfortably, place one hand on your chest and the other on your belly. Inhale slowly through the nose for a count of 4, let the belly rise, then exhale gently through pursed lips for a count of 6. Repeat 5–10 times, especially when you notice tightness.  

2. **Improve posture and space** – Keep your shoulders relaxed and avoid slouching. When you stand or sit, let your chest expand fully. A small stretch at the back of your neck (tilt your head toward each shoulder) can also release tension that narrows the airway.  

3. **Create a clean, humid environment** – Use a humidifier in dry rooms, and keep the air clear by avoiding strong fragrances or pollutants. If you smoke or are around smoke, quitting or limiting exposure is the most effective lung‑protective step.  

4. **Add gentle aerobic activity** – Regular walking, swimming, or cycling helps strengthen the diaphragm and improves overall lung capacity. Start with short sessions (5–10 min) and gradually increase as you feel comfortable.  

If your breathing difficulty persists, worsens, or is accompanied by chest pain, dizziness, or rapid heart rate, please see a healthcare professional promptly. These suggestions are meant to support overall respiratory health, not replace medical evaluation."
hi,"Hello! How can I help you today? If you have any questions or need information about a health topic, feel free to let me know."
i have stomach pain,"I’m sorry you’re feeling unwell.  
To help you better, could you please let me know:

1. Where exactly is the pain located (stomach, lower abdomen, right側, etc.)?  
2. How long has the pain been present, and is it constant or does it come and go?  
3. Are you experiencing any other symptoms such as fever, nausea, vomiting, diarrhea, or changes in urination?

In the meantime, drinking plenty of clear fluids, resting, and avoiding heavy or spicy foods may help reduce discomfort. If the pain worsens, becomes more severe, or you develop fever, vomiting, or signs of dehydration, please seek medical attention promptly."
hi,"Hello! How can I help you today? If you have any health questions or need information, feel free to let me know."
nnknkn,"It looks like that might have been a typo. If you have a medical question or need information on a health topic, feel free to let me know and I'll do my best to help!"
what is acne ?,"Acne is a common skin disorder most often seen in teens and young adults, though it can affect anyone.  
hi,"Hello! How can I help you today? If you have any questions—about a medical topic, health information, or anything else—just let me know, and I’ll do my best to assist."
headach,"A headache is a common symptom that can be caused by many factors, from tension and dehydration to more serious conditions. Most daily headaches are mild to moderate and can often be managed with simple strategies.


hi,Hi there! 👋 How can I help you today?
tell me about Cirrhosis,"Cirrhosis is a long‑term liver disease where healthy liver tissue is gradually replaced by scar tissue. The scar tissue interferes with the liver’s normal functions—such as processing nutrients, detoxifying the blood, and producing substances needed for blood clotting.

**What causes it?**  
The most frequent culprits are chronic alcohol use, long‑term viral hepatitis (e.g., hepatitis B or C), non‑alcoholic fatty liver disease, and certain metabolic or autoimmune disorders. Repeated injury over many years allows the liver to compensate, but eventually the scar tissue becomes excessive.

**Typical signs and complications**  
Early cirrhosis may feel almost symptom‑free. As the disease progresses, people often notice yellowing of the skin and eyes (jaundice), easy bruising, fatigue, bruised or swollen legs, confusion, or swelling in the abdomen (ascites). A key danger is portal hypertension, where blood pressure in the veins that carry blood to the liver rises. This can lead to varices—enlarged veins that may rupture and bleed, especially in the esophagus. Other complications include liver failure and increased risk of liver cancer.

**Managing and monitoring**  
Because cirrhosis affects the liver’s ability to perform many essential functions, regular check‑ups, blood tests, imaging scans, and sometimes endoscopy are used to track the disease. Treatment focuses on stopping the underlying cause (e.g., avoiding alcohol, antiviral therapy for hepatitis), managing symptoms, and preventing complications. In advanced cases, liver transplantation may be considered.  

If you’re concerned about symptoms or risk factors, discuss them with your healthcare provider so you can get personalized advice and appropriate screening."
hi,Hello! How can I help you today?
hi,Hello! How can I help you today?
what is acne?,"Acne is a common skin condition that mainly affects the face, chest, and back. It happens when the pores (tiny openings on the skin) become clogged with oil, dead skin cells, and bacteria. The blockage can cause red spots, whiteheads, or blackheads that sometimes become swollen and painful. In many people, acne comes and goes as the skin goes through changes, especially during puberty, but it can also develop in adults.

The main causes of acne are over‑production of oil (sebum) by the sebaceous glands, a buildup of skin cells inside the pores, and the growth of bacteria called *Cutibacterium acnes* (formerly *Propionibacterium acnes*). Factors such as hormonal fluctuations, stress, certain medications, and even diet can influence how much oil the skin makes and how quickly clogged pores develop.

If you’re concerned about your acne or if it’s persistent, mild, or severe, a dermatologist can recommend safe options such as gentle cleansers, topical treatments that contain benzoyl peroxide, salicylic acid, or retinoids, and sometimes oral medications for more stubborn cases. Most mild to moderate acne responds well to consistent skin‑care routines and over‑the‑counter products. Always follow a healthcare professional’s advice before starting any new treatment."
what is braintumour,"A brain tumor is an abnormal growth of cells that forms inside the brain.  
Unlike other cancers that spread to other organs, a brain tumor usually expands locally, pushing on nearby structures such as nerves, blood vessels, or brain tissue. Because the brain controls everything from movement to speech to memory, even a small tumor can produce noticeable problems.

People with brain tumors may experience symptoms such as headaches that don’t improve with rest, problems with balance or walking, difficulty speaking or swallowing, changes in mood or personality, or vision or hearing disturbances. Children may have vomiting, seizures, or developmental delays. The specific symptoms depend on where in the brain the tumor is located and how fast it grows.

Diagnosis is made with imaging studies (MRI or CT scans) and sometimes a biopsy that removes a small tissue sample for laboratory testing. Once the type and size of the tumor are known, doctors plan treatment. In many cases the first step is surgical removal if the tumor can be removed safely. Other options can include radiation therapy, chemotherapy, or targeted drugs, as well as supportive care to manage symptoms.

The goal of treatment is to control or remove the tumor while preserving brain function as much as possible. Because each case is unique, a team of neurologists, neurosurgeons, oncologists, radiation specialists, and other professionals work together to create a personalized care plan."
hi,Hello! How can I assist you today?
who is virat kohli,"I don't have information about a person named Virat Kohli in the context provided. Virat Kohli is an Indian cricketer who is widely regarded as one of the best batsmen in the world. He has achieved numerous records and accolades in the sport of cricket. If you have any specific questions about Virat Kohli's career or achievements, feel free to ask!"
hi,Hello! How can I assist you today?
wgat is headach,"A headache is a common health issue characterized by pain or discomfort in the head, scalp, or neck. Headaches can range from mild to severe and can be caused by various factors such as stress, tension, dehydration, or underlying health conditions. There are different types of headaches, including tension headaches, migraines, and cluster headaches, each with its own characteristics and triggers. Treatment for headaches may involve lifestyle changes, over-the-counter pain relievers, prescription medications, or other therapies depending on the underlying cause. If you frequently experience headaches or have severe symptoms, it's essential to consult a healthcare provider for proper evaluation and management."
hi,Hello! How can I assist you today?
my stomach little hearting,"If you are experiencing stomach pain, it's essential to pay attention to any accompanying symptoms such as nausea, vomiting, bloating, or changes in bowel habits. It could be due to various reasons like indigestion, gastritis, or even something more serious. Ensure you are staying hydrated and avoiding foods that may exacerbate the pain.

If the pain persists or worsens, it's advisable to consult with a healthcare provider for a proper evaluation and diagnosis. Remember to describe your symptoms in detail to help the healthcare provider understand your situation better. It's always best to seek professional medical advice for persistent or severe stomach pain."
who is virat kohle,"I'm here to provide medical information and support. It seems like you might be asking about Virat Kohli, who is a famous Indian cricketer. He is widely regarded as one of the best batsmen in the world and has achieved numerous records and accolades in the sport of cricket. If you have any more questions or need medical assistance, feel free to ask!"
hi,Hello! How can I help you today?
who is siddhant,"Siddhant is most likely the person who made a project on a medical chatbot. If you are looking for more specific information about a particular Siddhant, it would be helpful to provide more context or details. Would you like to know more about the medical chatbot project or have any other questions related to this topic?"
hi,Hello! How can I assist you today?
[IMAGE] ,"Sorry, there was an issue processing your image: Error code: 404 - {'error': {'message': 'No endpoints found for meta-llama/llama-3.2-11b-vision-instruct:free.', 'code': 404}, 'user_id': 'user_35b5g8HkgcEn2R9I3s2VoqYvPdB'}"
hi,Hello! How can I assist you today?
who is siddhant,"Siddhant is the name of an individual who made a project on a medical chatbot. Unfortunately, without further context or information, it is not possible to provide more details about Siddhant. If you have any other questions or need more information, feel free to ask!"
about virat kohli,"Virat Kohli is a famous Indian cricketer who is widely regarded as one of the best batsmen in the world. He has achieved numerous records and awards in international cricket, known for his aggressive playing style and consistency in scoring runs. Kohli has served as the captain of the Indian cricket team across formats and has led the team to many victories.

Off the field, Virat Kohli is actively involved in philanthropy work and various business ventures. He is married to Bollywood actress Anushka Sharma and is known for his fitness regimen and advocating a healthy lifestyle. Kohli's passion for the game, competitiveness, and dedication to cricket have made him a popular and influential figure in the world of sports."
[IMAGE] ,
[IMAGE] ,"🔍 **Image Analysis & Disclaimer**:  
This analysis is intended for informational/educational purposes only and does not constitute a medical diagnosis. Always consult a licensed dermatologist or healthcare professional for accurate evaluation and treatment of skin conditions.  

**Observations**:  
- The image shows facial redness (erythema) concentrated on the cheek/forehead area.  
- Slight mottling of the skin texture is visible.  

**Possible Considerations** (non-exhaustive list):  
1. **Common Causes**:  
   - Allergic reactions/irritant contact dermatitis (e.g., from skincare products, environmental allergens).  
   - Sun damage or photosensitivity reactions.  
   - Rosacea (a chronic vascular condition).  
   - Heat rash or inflammatory response to stress/exertion.  

2. **Over-the-Counter Suggestions** (if mild/moderate):  
   - Gentle cleansers and unscented moisturizers to avoid further irritation.  
   - Cool compresses to reduce inflammation.  
   - Avoid harsh scrubs or exfoliants.  
   - Apply broad-spectrum sunscreen (SPF 50+) to prevent exacerbation.  

3. **Warning Signs for Immediate Care**:  
   - Rapid spreading or increased swelling.  
   - Accompanied by fever, pain, or blistering.  
   - No improvement after 48–72 hours of basic care.  

🚨 **Remember**: If symptoms are severe, worsening, or uncertain, seek professional in-person care immediately. Skin conditions can signal underlying health issues needing targeted treatment.
"
hi,"I am a medical assistant. If you have any health-related questions, feel free to ask!"
who is siddhant,I don't know based on the provided documents.
my stomach herating,"If you are experiencing stomach pain, it is essential to determine the cause of the pain. Stomach pain can be due to various reasons such as indigestion, gas, gastritis, or other digestive issues. It is recommended to avoid spicy and fatty foods, eat smaller meals, stay hydrated, and consider over-the-counter medications like antacids for relief. If the pain persists or worsens, it is advisable to seek medical attention for further evaluation and appropriate treatment."
[IMAGE] ,"**Medical Disclaimer:** I am an AI and not a licensed medical professional. My response is based on general knowledge and should not be used for self-diagnosis or treatment. Always consult a qualified healthcare provider for accurate assessment and advice.

---

The image shows a localized reddened, scaly rash on the posterior scalp and nape, sparing the hair shafts and ears. The lesions appear mildly raised with subtle scaling and slight erythema, suggesting an inflammatory dermatosis. Possible considerations include:

1. **Tinea Capitis**: A fungal infection (e.g., *Trichophyton* spp.) causing scaling and inflammation, often with broken hair in asymmetric patterns. Common in children/adolescents.  
2. **Contact Dermatitis**: Irritant or allergic reactions from hair products, shampoos, or environmental exposures, presenting with erythema and fine scaling.  
3. **Seborrheic Dermatitis**: Mild scales in areas rich in sebaceous glands (scalp, nape), but typically less exuberant.  
4. **Nummular Eczema**: Coin-shaped, scaly plaques, often pruritic, but location and morphology may differ.  

Key features to note:  
- **Distribution**: Spared hair follicles (unlike tinea capitis, which often affects shafts).  
- **Texture**: Dry, fine scales rather than greasy plaques.  
- **Symptoms**: Absent hair loss or pustules suggest lower suspicion for infection.  

**Initial Recommendations (Non-Diagnostic):**  
- Avoid irritants (e.g., harsh shampoos, fragrances).  
- Use a mild emollient (e.g., ceramides, colloidal oatmeal) to reduce scaling.  
- If suspected fungal etiology: Consider over-the-counter antifungal shampoos (e.g., ketoconazole).  

**Red Flags"
hi,Hello! How can I assist you today with any medical questions you might have?
[IMAGE] ,"The image shows a hand with widespread, raised, scaly, and slightly inflamed skin lesions in various pinkish-purple hues. The lesions are uneven in size, irregularly distributed across the skin, and appear to have a rough texture. Some areas show signs of possible fissuring or cracking, and the surrounding skin looks slightly dry. The condition suggests chronic inflammation or irritation, potentially linked to an underlying allergic reaction, autoimmune process, or infectious etiology. 

For management: Avoid scratching or irritating the affected areas. Gently cleanse with mild soap and water, and apply a fragrance-free moisturizer to reduce dryness. Over-the-counter hydrocortisone cream (low strength, short-term use) may help reduce inflammation, but prolonged use should be avoided. Protect the skin from further environmental triggers like harsh chemicals or allergens. 

If lesions worsen, spread rapidly, become severely painful, or are accompanied by fever, seek immediate medical evaluation. Always confirm a diagnosis with a healthcare provider for accurate treatment.
"
hi,I don't know based on the provided documents.
hi,I don't know based on the provided documents.
hello,Hello! I'm here to help you with any health-related questions you may have. How can I assist you today?
virat kojli,I don't know based on the provided documents.
digetion ],"I don't know based on the provided documents. If you have any other health-related questions, feel free to ask!"
digetion,"I don't have information on ""digetion"" based on the provided context. If you have a specific question related to digestion or any other health topic, feel free to ask, and I'll do my best to help answer it."
headach,"If you are experiencing headaches, it is essential to identify the underlying cause. Headaches can be due to various reasons such as stress, tension, dehydration, eye strain, or even more serious issues like migraines or underlying health conditions. It would be best to monitor your symptoms, stay hydrated, rest, and consider seeking medical advice if the headaches persist or worsen.

If you have frequent or severe headaches, it is important to consult a healthcare professional for a proper evaluation and diagnosis. They can help determine the cause of your headaches and recommend appropriate treatment options. Remember to communicate any additional symptoms or concerns you may have to your healthcare provider for a comprehensive assessment."
can i send an image,I'm here to help with health-related questions. How can I assist you today?
hi,Hello! I'm here to help as a medical assistant. How can I assist you today?
[IMAGE] ,
hi,Hello! I am a medical assistant. How can I help you today?
can i send image,"Hello! I'm here to help as a medical assistant. Unfortunately, I can't view images. However, you can describe the issue you're experiencing, and I'll do my best to provide guidance based on the information you provide. How can I assist you today?"
[IMAGE] ,"The image shows signs of a possible scalp condition characterized by areas of redness, scaling, and dryness beneath the hairline. These symptoms could indicate conditions like seborrheic dermatitis, mild eczema, or early-stage psoriasis. To manage symptoms, gently cleanse the area with a mild, fragrance-free shampoo and apply an over-the-counter anti-dandruff or moisturizing scalp treatment. Avoid scratching or irritating the area further. If redness, swelling, or discomfort worsens, spreads, or becomes itchy or painful, consult a dermatologist or healthcare provider promptly, as this may require a tailored prescription or treatment plan.
"
siddhant,"I don't have any information about Siddhant. If you have a specific question related to health, medicine, or human biology, feel free to ask!"
hi,Hello! I am a medical assistant. How can I assist you today?
hi,Hello! I am a Medical Assistant. How can I assist you today?
hi,Hello! I am a medical assistant. How can I assist you today?
i having back pain,"I'm sorry to hear that you're experiencing back pain. Based on your description alone, it's important to note that back pain can have various causes, including muscle strain, poor posture, or underlying medical conditions. However, if you have sudden and severe back pain, especially if it is associated with other symptoms like weakness, numbness, or difficulty controlling your bladder or bowels, it could indicate a serious issue requiring immediate medical attention. I strongly recommend seeking urgent, in-person medical help to determine the cause and receive appropriate treatment. It's essential not to ignore severe back pain, as it could be a sign of a more serious condition."
ok,Hello! How can I assist you today with your health or medical questions?
hi,Hello! I'm here to help you with any medical questions you may have. How can I assist you today?
i having finger pain,"I'm sorry to hear that you're experiencing finger pain. Based on the information you provided, it sounds like you might be referring to a bunion, which is a common foot condition. However, finger pain is different from a bunion, which affects the foot. 

If you are experiencing significant pain in your fingers, especially if there is redness, swelling, or difficulty moving them, it's important to seek immediate medical attention. Finger pain can be caused by various conditions such as fractures, arthritis, or infections. To receive proper diagnosis and treatment, please see a healthcare provider as soon as possible."
ok,"You're welcome! If you have any more questions or need further assistance, feel free to ask. How can I help you today?"
kiko mo,"I don't know based on the provided documents. If you have a medical question, feel free to ask for more information!"
hey boy,Hello! I'm here to help with any medical questions you have. How can I assist you today?
can i ask you something,Of course! How can I help you today?
i am feeling very good,"That's great to hear! If you have any health-related questions or need information, feel free to ask. How can I assist you today?"
but i dont know what to do,"If you are uncertain about what to do in a situation, especially if it is a medical emergency or any urgent matter, it is crucial to seek immediate in-person medical help. In cases of uncertainty or emergencies, it is always best to prioritize your safety and well-being by reaching out for professional assistance promptly. Take care and seek the help you need without delay."
[IMAGE] ,"The visual analysis indicates a skin condition with noticeable redness, raised bumps, and localized swelling primarily concentrated on the right cheek area. The affected region displays a mix of inflammatory lesions—some appearing as flat, widespread red patches with others as raised, possibly papular or pustular formations. The skin texture varies between smooth unaffected zones and the irritated areas, which may suggest active inflammation or an underlying dermatological condition.  

**Generic OTC Recommendations:**  
1. Gently cleanse the affected area twice daily with a mild, fragrance-free cleanser to remove excess oil without further irritation.  
2. Apply a non-comedogenic moisturizer to prevent dryness and support skin barrier repair.  
3. Avoid harsh scrubs, alcohol-based toners, or exfoliants that could exacerbate inflammation.  
4. Consider a topical barrier cream with zinc oxide or ceramides to reduce redness and protect against environmental triggers.  
5. Use a broad-spectrum, non-comedogenic sunscreen daily if the skin appears hypersensitive.  

**Immediate Medical Attention Needed If:**  
- Lesions worsen, ooze, or develop abscesses.  
- Fever develops or facial swelling spreads to the neck/eyes.  
- Over-the-counter measures fail to improve symptoms within 7–10 days.  

Always consult a licensed dermatologist or primary care physician for proper diagnosis and treatment.
"
hi,Hello! I'm here to help with any medical questions you have. How can I assist you today?
[IMAGE] ,"The skin condition depicted likely involves chronic dryness, scaling, or an inflammatory process. The red, raised patches with rough texture suggest possible causes such as psoriasis (characterized by thick silvery scales), eczema (e.g., nummular or dyshidrotic, presenting as coin-shaped scaly lesions), or a fungal infection (e.g., tinea manuum). Without additional details (duration, itching, systemic symptoms), definitive diagnosis is impossible. Recommendations include:  
- Avoid irritants (soaps, detergents) and moisturize with fragrance-free emollients.  
- See a dermatologist for evaluation; skin scraping or biopsy may clarify the cause.  
- If systemic symptoms (fever, malaise) develop, seek urgent care.  

Always consult a healthcare professional for confirmation.
"
hi,Hello! I'm here to help you with any medical questions you may have. How can I assist you today?
i have an AIDS,"If you suspect that you have AIDS, it is important to seek medical attention immediately. Getting tested for HIV infection is crucial to determine the appropriate course of treatment. If HIV infection is confirmed, early and aggressive treatment can help postpone the development of AIDS indefinitely. It is also vital to inform your sexual partners so they can get tested and receive medical attention if necessary. 

Remember, healthcare professionals must always take precautions when handling body fluids to prevent the transmission of infections. If you have any concerns about your health, please consult a healthcare provider for proper evaluation and management."
what should i do,This is a medical emergency. Please seek immediate in-person medical help. Do not delay in getting the necessary assistance.
can u assist me,Hello! I am here to help as a medical assistant. How can I assist you today?
help me to recover,"If you are looking to recover from a condition like acute alcoholic myopathy, it's important to prioritize your health. Recovery often involves abstaining from the use of alcoholic beverages to allow your body to heal. It's crucial to follow any medical advice or treatment recommendations provided by healthcare professionals for the best chance of recovery.

Recovering from muscle atrophy or other related issues may also involve physical therapy or rehabilitation exercises tailored to your specific needs. It's essential to stay hydrated, eat a balanced diet, and get enough rest to support your body's recovery process. Always seek guidance from healthcare providers for a personalized recovery plan.

In cases of severe conditions like acute kidney failure or disturbances in heart rhythm, immediate medical attention is necessary. If you or someone you know is experiencing severe symptoms, don't hesitate to seek urgent in-person medical help to ensure prompt and appropriate treatment for a better chance of recovery."
is it related to AIDS recovery,"AIDS, or Acquired Immune Deficiency Syndrome, is a condition caused by the human immunodeficiency virus (HIV). While there is no cure for AIDS, advancements in medication and treatment have significantly improved the quality of life and life expectancy for people living with the condition. With proper medical care, including antiretroviral therapy, lifestyle modifications, and regular check-ups, many individuals with HIV/AIDS can lead long and healthy lives. It's essential to work closely with healthcare providers to manage the condition effectively."
hi,Hello! I'm a medical assistant. How can I help you today?
my eyes are hearting,"I'm sorry to hear that your eyes are hurting. Eye pain can be caused by various conditions, such as eye strain, dry eyes, or more serious issues like infections or inflammation. Since I cannot provide a definite diagnosis, I strongly recommend seeking immediate in-person medical help. It's important to have a healthcare professional evaluate your eyes to determine the cause of the pain and provide appropriate treatment. Please prioritize your eye health and seek urgent medical attention."
